log,candidate,safe_mode,success,error_type,sample
verify_candidate_0.json,0,False,False,OCP.OCP.Standard.Standard_Failure,part_001
verify_candidate_0_safe.json,0,True,False,ValueError,part_001
verify_candidate_1.json,1,False,True,,part_001
verify_candidate_2.json,2,False,True,,part_001
verify_candidate_3.json,3,False,False,OCP.OCP.StdFail.StdFail_NotDone,part_001
verify_candidate_3_safe.json,3,True,False,ValueError,part_001
verify_candidate_4.json,4,False,True,,part_001
verify_candidate_0.json,0,False,True,,part_002
verify_candidate_1.json,1,False,True,,part_002
verify_candidate_2.json,2,False,False,OCP.OCP.StdFail.StdFail_NotDone,part_002
verify_candidate_2_safe.json,2,True,True,,part_002
verify_candidate_3.json,3,False,True,,part_002
verify_candidate_4.json,4,False,True,,part_002
verify_candidate_0.json,0,False,True,,part_003
verify_candidate_1.json,1,False,True,,part_003
verify_candidate_2.json,2,False,True,,part_003
verify_candidate_3.json,3,False,False,OCP.OCP.StdFail.StdFail_NotDone,part_003
verify_candidate_3_safe.json,3,True,True,,part_003
verify_candidate_4.json,4,False,True,,part_003
verify_candidate_0.json,0,False,False,OCP.OCP.Standard.Standard_Failure,part_004
verify_candidate_0_safe.json,0,True,False,ValueError,part_004
verify_candidate_1.json,1,False,False,OCP.OCP.StdFail.StdFail_NotDone,part_004
verify_candidate_1_safe.json,1,True,True,,part_004
verify_candidate_2.json,2,False,True,,part_004
verify_candidate_3.json,3,False,True,,part_004
verify_candidate_4.json,4,False,True,,part_004
verify_candidate_0.json,0,False,True,,part_005
verify_candidate_1.json,1,False,False,OCP.OCP.StdFail.StdFail_NotDone,part_005
verify_candidate_1_safe.json,1,True,True,,part_005
verify_candidate_2.json,2,False,False,OCP.OCP.Standard.Standard_ConstructionError,part_005
verify_candidate_2_safe.json,2,True,True,,part_005
verify_candidate_3.json,3,False,False,OCP.OCP.StdFail.StdFail_NotDone,part_005
verify_candidate_3_safe.json,3,True,False,ValueError,part_005
verify_candidate_4.json,4,False,True,,part_005
verify_candidate_0.json,0,False,True,,part_006
verify_candidate_1.json,1,False,False,OCP.OCP.Standard.Standard_Failure,part_006
verify_candidate_1_safe.json,1,True,True,,part_006
verify_candidate_2.json,2,False,True,,part_006
verify_candidate_3.json,3,False,False,ValueError,part_006
verify_candidate_3_safe.json,3,True,False,ValueError,part_006
verify_candidate_4.json,4,False,True,,part_006
verify_candidate_0.json,0,False,True,,part_007
verify_candidate_1.json,1,False,False,OCP.OCP.Standard.Standard_OutOfRange,part_007
verify_candidate_1_safe.json,1,True,False,OCP.OCP.Standard.Standard_OutOfRange,part_007
verify_candidate_2.json,2,False,True,,part_007
verify_candidate_3.json,3,False,False,ValueError,part_007
verify_candidate_3_safe.json,3,True,False,ValueError,part_007
verify_candidate_4.json,4,False,True,,part_007
verify_candidate_0.json,0,False,True,,part_008
verify_candidate_1.json,1,False,True,,part_008
verify_candidate_2.json,2,False,True,,part_008
verify_candidate_3.json,3,False,True,,part_008
verify_candidate_4.json,4,False,True,,part_008
